<?xml version="1.0" encoding="UTF-8"?>
<!DOCTYPE mapper PUBLIC "-//mybatis.org//DTD Mapper 3.0//EN" "http://mybatis.org/dtd/mybatis-3-mapper.dtd">
<mapper namespace="com.itheima.dao.front.ExamPaperDao">
    <insert id="save" parameterType="com.itheima.domain.front.ExamPaper">
        insert into tr_examination_paper (id,course_id, score, member_id, state, apply_time)
        values (#{id},#{courseId}, #{score}, #{memberId}, #{state}, #{applyTime})
    </insert>
    <resultMap id="baseMap" type="com.itheima.domain.front.ExamPaper">
        <result column="score" property="score"></result>
        <result column="id" property="id"></result>
        <result column="course_id" property="courseId"></result>
        <result column="member_id" property="memberId"></result>
        <result column="state" property="state"></result>
        <result column="apply_time" property="applyTime"></result>
    </resultMap>
    <select id="queryPageByMember" resultMap="baseMap">
        select *
        from tr_examination_paper
        where member_id = #{memberId}
        order by apply_time desc
    </select>
</mapper>