﻿<?xml version="1.0" encoding="UTF-8"?>
<!DOCTYPE mapper PUBLIC "-//mybatis.org//DTD Mapper 3.0//EN" "http://mybatis.org/dtd/mybatis-3-mapper.dtd">
<mapper namespace="com.itheima.dao.store.QuestionDao">
    <!--配置实体类属性和数据库表中列的对应关系-->
    <resultMap id="BaseResultMap" type="com.itheima.domain.store.Question">
        <id column="id" jdbcType="VARCHAR" property="id"/>
        <result column="subject" jdbcType="VARCHAR" property="subject"/>
        <result column="type" jdbcType="VARCHAR" property="type"/>

        <!--题目对题目选项的一对多-->
        <collection
            property="questionItemList"
            javaType="java.util.List"
            ofType="com.itheima.domain.store.QuestionItem"
            select="com.itheima.dao.store.QuestionItemDao.findByQuestionId"
            column="id"
            />
    </resultMap>

    <!--配置查询的列名公共SQL语句-->
    <sql id="Base_Column_List">
        id, subject,type
    </sql>

    <!--配置查询所有，带条件-->
    <select id="findAll" resultMap="BaseResultMap">
        select
        <include refid="Base_Column_List"/>
        from st_question
        order by id
    </select>
    <select id="listByCourse" resultMap="BaseResultMap">
        select
        <include refid="Base_Column_List"/>
        from st_question
        where catalog_id=#{courseId}
        and review_status='1'
        order by number
    </select>

</mapper>

